{
  "mean": [
    8.726682794933827,
    2.5113135050519424,
    67.51145581329159,
    14.998861534082824,
    27.666628717802762,
    101.04910203500783
  ],
  "scale": [
    11.715058422767745,
    10.921889967295627,
    16.8624797396335,
    8.775734612365042,
    12.579995258093565,
    0.8489365210148563
  ]
}